id, tile count, move count
0, 7, 24
1, 6, 32
2, 9, 91
3, 7, 54
4, 9, 100
5, 7, 58
6, 4, 18
7, 8, 70
8, 6, 58
9, 4, 12
10, 4, 13
11, 4, 18
12, 5, 19
13, 5, 19
14, 9, 58
15, 8, 61
16, 6, 31
17, 5, 23
18, 2, 2
19, 3, 2
20, 9, 58
21, 9, 103
22, 6, 26
23, 6, 30
24, 6, 42
25, 8, 50
26, 8, 59
27, 4, 14
28, 8, 67
29, 5, 21
30, 3, 7
31, 5, 19
32, 3, 12
33, 6, 54
34, 2, 2
35, 8, 70
36, 12, 168
37, 7, 42
38, 3, 9
39, 5, 26
40, 3, 8
41, 3, 6
42, 3, 2
43, 3, 4
44, 4, 7
45, 7, 34
46, 7, 49
47, 6, 28
48, 7, 75
49, 6, 22
50, 8, 69
51, 11, 163
52, 13, 213
53, 4, 11
54, 6, 31
55, 7, 47
56, 8, 56
57, 9, 88
58, 5, 32
59, 4, 19
60, 8, 3
61, 11, 152
62, 6, 41
63, 12, 105
64, 8, 72
65, 11, 130
66, 9, 70
67, 4, 20
68, 5, 35
69, 6, 9
70, 7, 40
71, 2, 2
72, 5, 27
73, 3, 2
74, 4, 21
75, 8, 49
76, 8, 44
77, 4, 24
78, 8, 46
79, 8, 73
80, 3, 8
81, 4, 14
82, 3, 8
83, 13, 167
84, 3, 8
85, 6, 38
86, 7, 41
87, 8, 60
88, 3, 9
89, 8, 49
90, 5, 25
91, 3, 9
92, 8, 59
93, 6, 43
94, 4, 13
95, 6, 36
96, 7, 81
97, 2, 3
98, 3, 6
99, 9, 74
100, 4, 16
101, 5, 15
102, 5, 21
103, 8, 76
104, 6, 3
105, 9, 42
106, 8, 58
107, 5, 29
108, 10, 132
109, 11, 133
110, 6, 41
111, 3, 11
112, 8, 61
113, 7, 54
114, 8, 56
115, 10, 100
116, 8, 77
117, 3, 7
118, 5, 31
119, 6, 3
120, 3, 10
121, 5, 17
122, 8, 53
123, 8, 63
124, 8, 52
125, 8, 44
126, 3, 7
127, 5, 19
128, 12, 145
129, 2, 3
130, 8, 60
131, 3, 8
132, 4, 9
133, 11, 68
134, 4, 18
135, 3, 8
136, 5, 28
137, 4, 22
138, 3, 2
139, 7, 55
140, 6, 40
141, 7, 63
142, 5, 25
143, 4, 14
144, 7, 72
145, 9, 66
146, 3, 3
147, 7, 2
148, 7, 48
149, 6, 21
150, 5, 23
151, 6, 39
152, 4, 2
153, 3, 6
154, 5, 36
155, 8, 59
156, 3, 4
157, 10, 96
158, 5, 24
159, 4, 7
160, 3, 10
161, 6, 49
162, 6, 48
163, 5, 33
164, 5, 24
165, 8, 84
166, 8, 91
167, 8, 68
168, 3, 4
169, 8, 80
170, 10, 89
171, 4, 12
172, 4, 11
173, 8, 54
174, 5, 22
175, 8, 69
176, 8, 67
177, 5, 31
178, 7, 31
179, 6, 12
180, 6, 28
181, 3, 5
182, 5, 14
183, 2, 2
184, 4, 13
185, 3, 8
186, 6, 37
187, 9, 79
188, 3, 9
189, 4, 13
190, 8, 69
191, 4, 19
192, 6, 42
193, 5, 18
194, 4, 11
195, 7, 61
196, 8, 2
197, 5, 23
198, 7, 27
199, 5, 23
200, 8, 55
201, 4, 11
202, 10, 79
203, 5, 33
204, 3, 4
205, 5, 20
206, 6, 24
207, 7, 46
208, 7, 28
209, 9, 73
210, 7, 46
211, 6, 32
212, 5, 29
213, 6, 24
214, 5, 26
215, 6, 36
216, 5, 33
217, 4, 11
218, 6, 30
219, 5, 17
220, 5, 23
221, 7, 54
222, 4, 13
223, 8, 43
224, 5, 21
225, 8, 42
226, 5, 24
227, 5, 29
228, 5, 30
229, 6, 34
230, 11, 135
231, 6, 26
232, 6, 37
233, 6, 43
234, 7, 38
235, 3, 8
236, 7, 16
237, 5, 19
238, 5, 18
239, 3, 2
240, 6, 46
241, 8, 56
242, 11, 108
243, 3, 7
244, 11, 126
245, 9, 72
246, 11, 87
247, 16, 276
248, 4, 21
249, 4, 9
250, 8, 94
251, 5, 36
252, 8, 76
253, 5, 32
254, 7, 21
255, 11, 148
256, 5, 33
257, 2, 2
258, 11, 105
259, 4, 12
260, 6, 52
261, 9, 100
262, 8, 71
263, 8, 90
264, 5, 21
265, 5, 17
266, 7, 63
267, 9, 78
268, 6, 46
269, 10, 40
270, 11, 144
271, 5, 29
272, 5, 22
273, 5, 21
274, 6, 37
275, 10, 78
276, 7, 57
277, 4, 3
278, 11, 86
279, 3, 9
280, 5, 20
281, 7, 50
282, 9, 81
283, 7, 38
284, 10, 124
285, 7, 50
286, 10, 105
287, 3, 6
288, 7, 40
289, 7, 47
290, 3, 7
291, 12, 101
292, 4, 11
293, 13, 132
294, 12, 204
295, 12, 62
296, 6, 30
297, 3, 8
298, 8, 63
299, 4, 18
300, 6, 42
301, 7, 44
302, 2, 2
303, 7, 47
304, 4, 13
305, 4, 9
306, 3, 8
307, 10, 99
308, 4, 13
309, 4, 18
310, 4, 20
311, 5, 22
312, 8, 107
313, 7, 50
314, 4, 16
315, 8, 53
316, 9, 59
317, 4, 19
318, 4, 22
319, 5, 29
320, 3, 7
321, 7, 52
322, 4, 11
323, 9, 60
324, 8, 65
325, 6, 40
326, 4, 13
327, 7, 45
328, 5, 29
329, 8, 73
330, 7, 54
331, 10, 118
332, 5, 17
333, 9, 105
334, 6, 45
335, 5, 22
336, 5, 16
337, 8, 56
338, 4, 10
339, 5, 28
340, 8, 29
341, 6, 25
342, 4, 16
343, 7, 28
344, 12, 172
345, 8, 58
346, 6, 3
347, 7, 58
348, 6, 31
349, 2, 4
350, 5, 21
351, 2, 3
352, 5, 21
353, 4, 3
354, 8, 78
355, 7, 35
356, 7, 46
357, 6, 29
358, 10, 90
359, 7, 28
360, 4, 11
361, 7, 41
362, 8, 65
363, 7, 46
364, 4, 11
365, 6, 22
366, 6, 26
367, 2, 3
368, 6, 31
369, 8, 77
370, 13, 159
371, 6, 43
372, 6, 34
373, 12, 196
374, 5, 22
375, 8, 75
376, 6, 35
377, 8, 42
378, 5, 18
379, 6, 36
380, 2, 4
381, 7, 51
382, 5, 15
383, 9, 93
384, 7, 21
385, 7, 45
386, 11, 192
387, 5, 24
388, 8, 42
389, 12, 187
390, 5, 24
391, 9, 50
392, 5, 16
393, 8, 43
394, 7, 48
395, 5, 30
396, 8, 42
397, 7, 32
398, 5, 42
399, 4, 14
400, 7, 54
401, 5, 27
402, 6, 45
403, 5, 27
404, 11, 131
405, 13, 118
406, 7, 65
407, 3, 9
408, 6, 26
409, 4, 17
410, 7, 43
411, 7, 23
412, 8, 59
413, 10, 74
414, 8, 70
415, 10, 83
416, 11, 91
417, 6, 39
418, 9, 53
419, 9, 97
420, 7, 45
421, 5, 24
422, 2, 2
423, 7, 28
424, 7, 62
425, 10, 121
426, 2, 3
427, 8, 58
428, 3, 9
429, 6, 24
430, 6, 19
431, 6, 50
432, 4, 13
433, 4, 15
434, 7, 12
435, 8, 49
436, 7, 58
437, 8, 44
438, 7, 30
439, 4, 16
440, 9, 68
441, 2, 2
442, 3, 10
443, 3, 9
444, 4, 10
445, 11, 137
446, 7, 57
447, 8, 57
448, 6, 41
449, 2, 2
450, 3, 6
451, 6, 24
452, 2, 2
453, 6, 2
454, 10, 83
455, 5, 28
456, 6, 14
457, 6, 50
458, 10, 97
459, 3, 7
460, 5, 15
461, 4, 9
462, 3, 7
463, 6, 45
464, 7, 60
465, 10, 102
466, 7, 30
467, 8, 48
468, 9, 79
469, 3, 6
470, 6, 15
471, 12, 107
472, 8, 56
473, 5, 2
474, 5, 20
475, 11, 74
476, 12, 176
477, 6, 33
478, 6, 30
479, 8, 47
480, 7, 55
481, 4, 9
482, 5, 23
483, 6, 41
484, 5, 30
485, 11, 105
486, 3, 6
487, 8, 57
488, 8, 78
489, 6, 33
490, 2, 3
491, 2, 3
492, 3, 5
493, 3, 10
494, 9, 62
495, 5, 20
496, 7, 55
497, 2, 2
498, 9, 56
499, 4, 13
500, 9, 92
501, 6, 21
502, 5, 24
503, 6, 32
504, 4, 13
505, 5, 21
506, 5, 22
507, 7, 53
508, 8, 67
509, 11, 99
510, 2, 2
511, 5, 22
512, 5, 20
513, 7, 47
514, 2, 3
515, 9, 116
516, 7, 33
517, 5, 32
518, 10, 85
519, 6, 34
520, 7, 52
521, 4, 9
522, 10, 111
523, 6, 37
524, 6, 20
525, 3, 9
526, 11, 123
527, 7, 52
528, 7, 52
529, 5, 35
530, 8, 86
531, 4, 18
532, 3, 9
533, 8, 75
534, 6, 15
535, 5, 28
536, 5, 30
537, 7, 46
538, 5, 22
539, 8, 60
540, 11, 112
541, 12, 169
542, 6, 26
543, 6, 43
544, 6, 21
545, 6, 18
546, 9, 115
547, 11, 124
548, 3, 9
549, 7, 34
550, 2, 2
551, 5, 19
552, 7, 35
553, 7, 38
554, 7, 2
555, 6, 56
556, 2, 2
557, 8, 68
558, 6, 29
559, 4, 10
560, 5, 29
561, 5, 31
562, 11, 79
563, 6, 29
564, 3, 6
565, 6, 41
566, 5, 24
567, 5, 17
568, 7, 2
569, 8, 52
570, 6, 39
571, 3, 8
572, 5, 39
573, 6, 29
574, 6, 6
575, 5, 22
576, 7, 42
577, 8, 48
578, 2, 1
579, 6, 48
580, 6, 45
581, 4, 14
582, 7, 43
583, 6, 2
584, 5, 16
585, 7, 38
586, 4, 14
587, 7, 47
588, 12, 116
589, 8, 76
590, 4, 9
591, 8, 51
592, 6, 35
593, 6, 30
594, 4, 12
595, 4, 12
596, 7, 57
597, 4, 11
598, 10, 107
599, 5, 21
600, 4, 12
601, 13, 172
602, 7, 41
603, 10, 49
604, 2, 2
605, 7, 32
606, 7, 39
607, 4, 13
608, 5, 22
609, 5, 22
610, 3, 3
611, 6, 47
612, 6, 29
613, 4, 21
614, 7, 41
615, 8, 48
616, 7, 44
617, 8, 61
618, 5, 25
619, 10, 123
620, 6, 35
621, 8, 76
622, 14, 111
623, 7, 38
624, 8, 90
625, 7, 71
626, 8, 42
627, 6, 41
628, 7, 39
629, 5, 9
630, 4, 6
631, 12, 160
632, 11, 100
633, 6, 32
634, 9, 93
635, 8, 46
636, 3, 6
637, 5, 12
638, 11, 87
639, 5, 31
640, 4, 16
641, 3, 8
642, 8, 42
643, 4, 14
644, 8, 43
645, 5, 25
646, 6, 38
647, 3, 10
648, 5, 26
649, 4, 14
650, 7, 58
651, 4, 16
652, 5, 27
653, 5, 28
654, 8, 82
655, 8, 89
656, 10, 68
657, 3, 9
658, 7, 58
659, 9, 94
660, 10, 121
661, 9, 85
662, 6, 37
663, 5, 27
664, 5, 28
665, 5, 19
666, 9, 91
667, 11, 95
668, 7, 47
669, 6, 40
670, 11, 141
671, 12, 127
672, 7, 31
673, 8, 58
674, 4, 8
675, 6, 26
676, 8, 81
677, 7, 24
678, 4, 16
679, 5, 28
680, 8, 62
681, 5, 16
682, 6, 37
683, 2, 3
684, 8, 64
685, 4, 9
686, 7, 44
687, 12, 125
688, 7, 54
689, 5, 13
690, 4, 15
691, 4, 15
692, 6, 38
693, 4, 2
694, 5, 27
695, 4, 21
696, 5, 28
697, 3, 5
698, 2, 3
699, 8, 73
700, 7, 60
701, 9, 49
702, 5, 21
703, 5, 20
704, 5, 23
705, 4, 14
706, 7, 58
707, 12, 201
708, 7, 39
709, 9, 92
710, 4, 21
711, 8, 61
712, 7, 35
713, 5, 9
714, 11, 136
715, 6, 2
716, 7, 32
717, 3, 7
718, 3, 4
719, 7, 52
720, 9, 67
721, 10, 72
722, 14, 183
723, 6, 24
724, 4, 13
725, 5, 24
726, 3, 9
727, 3, 3
728, 5, 32
729, 7, 41
730, 3, 9
731, 7, 32
732, 7, 56
733, 6, 39
734, 7, 37
735, 4, 11
736, 3, 9
737, 4, 4
738, 7, 66
739, 5, 29
740, 4, 14
741, 5, 15
742, 7, 45
743, 9, 40
744, 8, 46
745, 6, 29
746, 10, 71
747, 9, 105
748, 9, 49
749, 6, 22
750, 6, 32
751, 5, 29
752, 3, 3
753, 7, 47
754, 4, 19
755, 3, 8
756, 8, 82
757, 6, 33
758, 4, 13
759, 7, 28
760, 7, 57
761, 9, 60
762, 4, 12
763, 4, 21
764, 9, 71
765, 4, 14
766, 8, 54
767, 5, 19
768, 6, 32
769, 3, 5
770, 7, 28
771, 7, 61
772, 4, 13
773, 4, 14
774, 4, 13
775, 3, 6
776, 2, 1
777, 3, 4
778, 7, 62
779, 6, 38
780, 4, 8
781, 4, 17
782, 8, 65
783, 6, 18
784, 6, 33
785, 7, 66
786, 5, 22
787, 4, 22
788, 3, 4
789, 2, 4
790, 6, 26
791, 7, 40
792, 10, 84
793, 4, 19
794, 4, 12
795, 4, 21
796, 6, 4
797, 6, 21
798, 6, 28
799, 10, 63
800, 8, 69
801, 3, 4
802, 2, 4
803, 7, 63
804, 4, 19
805, 3, 4
806, 9, 81
807, 4, 2
808, 8, 73
809, 3, 8
810, 9, 59
811, 7, 56
812, 11, 126
813, 9, 71
814, 3, 8
815, 7, 55
816, 12, 119
817, 5, 24
818, 3, 9
819, 4, 15
820, 5, 13
821, 6, 38
822, 8, 60
823, 4, 8
824, 15, 287
825, 4, 9
826, 4, 13
827, 8, 44
828, 3, 4
829, 2, 3
830, 9, 87
831, 10, 104
832, 7, 47
833, 11, 107
834, 6, 46
835, 5, 20
836, 4, 13
837, 8, 81
838, 7, 65
839, 6, 34
840, 9, 38
841, 2, 2
842, 7, 45
843, 5, 23
844, 4, 16
845, 5, 30
846, 5, 16
847, 2, 2
848, 4, 12
849, 9, 70
850, 11, 140
851, 4, 11
852, 8, 64
853, 7, 32
854, 7, 44
855, 4, 14
856, 10, 112
857, 7, 52
858, 9, 104
859, 4, 11
860, 4, 8
861, 9, 53
862, 3, 10
863, 5, 20
864, 5, 21
865, 5, 39
866, 8, 45
867, 6, 24
868, 7, 43
869, 8, 69
870, 7, 57
871, 3, 9
872, 11, 104
873, 7, 39
874, 3, 9
875, 8, 78
876, 4, 9
877, 8, 65
878, 12, 186
879, 3, 10
880, 8, 96
881, 4, 16
882, 3, 9
883, 9, 88
884, 9, 78
885, 5, 37
886, 5, 23
887, 4, 21
888, 5, 16
889, 4, 15
890, 7, 43
891, 8, 70
892, 5, 21
893, 3, 4
894, 5, 20
895, 8, 63
896, 11, 116
897, 4, 11
898, 3, 8
899, 6, 43
900, 4, 18
901, 10, 99
902, 9, 85
903, 5, 18
904, 7, 37
905, 4, 6
906, 11, 108
907, 7, 36
908, 6, 25
909, 3, 6
910, 9, 81
911, 7, 2
912, 3, 9
913, 3, 9
914, 8, 57
915, 5, 24
916, 10, 100
917, 2, 1
918, 5, 28
919, 5, 21
920, 5, 19
921, 3, 9
922, 8, 73
923, 5, 24
924, 7, 59
925, 9, 82
926, 4, 11
927, 2, 3
928, 4, 19
929, 4, 16
930, 10, 99
931, 8, 49
932, 3, 9
933, 5, 30
934, 6, 52
935, 7, 53
936, 4, 9
937, 4, 17
938, 5, 7
939, 6, 52
940, 3, 3
941, 5, 19
942, 5, 13
943, 5, 24
944, 6, 27
945, 9, 86
946, 3, 8
947, 7, 33
948, 7, 50
949, 8, 69
950, 10, 100
951, 10, 63
952, 6, 34
953, 11, 83
954, 7, 47
955, 4, 13
956, 4, 13
957, 7, 42
958, 8, 53
959, 6, 27
960, 12, 167
961, 4, 16
962, 7, 44
963, 8, 69
964, 5, 19
965, 4, 17
966, 4, 14
967, 2, 2
968, 6, 23
969, 4, 13
970, 10, 115
971, 4, 10
972, 7, 55
973, 5, 7
974, 4, 10
975, 7, 62
976, 6, 32
977, 2, 2
978, 5, 19
979, 7, 3
980, 6, 41
981, 10, 86
982, 5, 21
983, 6, 36
984, 4, 14
985, 3, 9
986, 3, 9
987, 6, 23
988, 7, 38
989, 6, 36
990, 7, 36
991, 3, 10
992, 7, 53
993, 7, 37
994, 3, 8
995, 5, 23
996, 10, 133
997, 4, 9
998, 5, 23
999, 7, 54
1000, 3, 7
1001, 11, 102
1002, 2, 1
1003, 6, 33
1004, 5, 28
1005, 4, 14
1006, 2, 1
1007, 5, 21
1008, 5, 35
1009, 9, 47
1010, 9, 93
1011, 3, 8
1012, 12, 162
1013, 8, 62
1014, 9, 60
1015, 6, 44
1016, 6, 41
1017, 4, 5
1018, 5, 11
1019, 11, 129
1020, 5, 31
1021, 9, 87
1022, 5, 18
1023, 7, 61
1024, 10, 117
1025, 13, 123
1026, 7, 39
1027, 6, 28
1028, 7, 56
1029, 3, 4
1030, 8, 96
1031, 9, 84
1032, 3, 7
1033, 4, 2
1034, 9, 65
1035, 5, 15
1036, 6, 36
1037, 8, 87
1038, 10, 88
1039, 4, 2
1040, 5, 22
1041, 6, 47
1042, 7, 26
1043, 5, 24
1044, 4, 16
1045, 5, 30
1046, 4, 14
1047, 8, 80
1048, 6, 26
1049, 5, 26
1050, 3, 8
1051, 4, 21
1052, 9, 93
1053, 5, 16
1054, 2, 1
1055, 3, 9
1056, 7, 58
1057, 2, 2
1058, 8, 51
1059, 6, 39
1060, 8, 64
1061, 9, 80
1062, 3, 8
1063, 9, 74
1064, 8, 69
1065, 6, 52
1066, 8, 82
1067, 6, 38
1068, 5, 15
1069, 9, 103
1070, 4, 10
1071, 5, 24
1072, 5, 20
1073, 7, 41
1074, 3, 8
1075, 5, 9
1076, 8, 48
1077, 5, 31
1078, 8, 64
1079, 3, 3
1080, 4, 17
1081, 6, 25
1082, 10, 48
1083, 6, 33
1084, 2, 4
1085, 4, 15
1086, 5, 19
1087, 7, 54
1088, 10, 88
1089, 11, 111
1090, 6, 36
1091, 4, 18
1092, 8, 30
1093, 4, 10
1094, 6, 30
1095, 7, 53
1096, 5, 16
1097, 5, 14
1098, 6, 23
1099, 5, 21
1100, 4, 16
1101, 11, 155
1102, 8, 69
1103, 5, 23
1104, 2, 1
1105, 8, 56
1106, 6, 28
1107, 11, 104
1108, 7, 38
1109, 8, 27
1110, 6, 46
1111, 4, 12
1112, 6, 33
1113, 9, 69
1114, 4, 16
1115, 8, 66
1116, 6, 26
1117, 8, 61
1118, 4, 23
1119, 4, 13
1120, 6, 21
1121, 6, 32
1122, 9, 83
1123, 4, 17
1124, 5, 20
1125, 10, 76
1126, 7, 3
1127, 6, 51
1128, 9, 67
1129, 3, 6
1130, 8, 67
1131, 4, 9
1132, 6, 15
1133, 5, 31
1134, 3, 9
1135, 9, 72
1136, 8, 65
1137, 12, 143
1138, 7, 62
1139, 2, 2
1140, 3, 10
1141, 7, 53
1142, 4, 22
1143, 5, 20
1144, 5, 24
1145, 4, 11
1146, 8, 74
1147, 4, 19
1148, 5, 28
1149, 5, 19
1150, 4, 17
1151, 4, 7
1152, 5, 21
1153, 5, 19
1154, 7, 44
1155, 9, 71
1156, 5, 28
1157, 9, 94
1158, 6, 45
1159, 4, 15
1160, 7, 41
1161, 5, 30
1162, 6, 29
1163, 4, 10
1164, 10, 104
1165, 8, 30
1166, 5, 29
1167, 6, 42
1168, 4, 14
1169, 5, 24
1170, 7, 48
1171, 6, 36
1172, 7, 41
1173, 7, 25
1174, 4, 9
1175, 8, 61
1176, 7, 43
1177, 4, 22
1178, 6, 53
1179, 10, 84
1180, 6, 31
1181, 7, 45
1182, 11, 132
1183, 6, 17
1184, 9, 58
1185, 7, 71
1186, 5, 17
1187, 8, 87
1188, 6, 47
1189, 5, 13
1190, 7, 54
1191, 7, 56
1192, 8, 75
1193, 5, 23
1194, 5, 19
1195, 7, 27
1196, 8, 55
1197, 6, 37
1198, 3, 9
1199, 7, 56
1200, 5, 29
1201, 4, 16
1202, 7, 27
1203, 5, 31
1204, 5, 22
1205, 6, 22
1206, 2, 2
1207, 11, 138
1208, 5, 16
1209, 2, 2
1210, 6, 29
1211, 4, 13
1212, 4, 2
1213, 9, 72
1214, 5, 17
1215, 5, 4
1216, 4, 15
1217, 6, 28
1218, 8, 53
1219, 5, 19
1220, 3, 10
1221, 3, 6
1222, 2, 4
1223, 6, 28
1224, 8, 49
1225, 8, 57
1226, 4, 11
1227, 3, 4
1228, 4, 13
1229, 5, 17
1230, 7, 56
1231, 3, 6
1232, 4, 16
1233, 5, 13
1234, 4, 8
1235, 3, 7
1236, 3, 2
1237, 7, 49
1238, 4, 10
1239, 8, 62
1240, 8, 63
1241, 8, 86
1242, 4, 12
1243, 4, 9
1244, 9, 65
1245, 7, 61
1246, 12, 157
1247, 2, 3
1248, 2, 2
1249, 6, 47
1250, 2, 1
1251, 10, 120
1252, 8, 66
1253, 4, 18
1254, 4, 15
1255, 5, 17
1256, 7, 52
1257, 6, 40
1258, 2, 3
1259, 5, 22
1260, 4, 13
1261, 6, 2
1262, 7, 19
1263, 3, 9
1264, 2, 1
1265, 2, 3
1266, 5, 23
1267, 4, 18
1268, 6, 42
1269, 4, 15
1270, 5, 25
1271, 3, 9
1272, 4, 8
1273, 4, 13
1274, 5, 15
1275, 10, 98
1276, 4, 11
1277, 3, 3
1278, 7, 35
1279, 3, 5
1280, 4, 17
1281, 9, 48
1282, 5, 22
1283, 6, 36
1284, 11, 92
1285, 7, 65
1286, 5, 28
1287, 3, 9
1288, 3, 7
1289, 6, 31
1290, 6, 25
1291, 6, 26
1292, 9, 51
1293, 11, 156
1294, 4, 12
1295, 8, 59
1296, 10, 121
1297, 6, 45
1298, 3, 9
1299, 3, 7
1300, 2, 3
1301, 3, 7
1302, 6, 33
1303, 4, 17
1304, 4, 20
1305, 6, 46
1306, 2, 3
1307, 7, 55
1308, 7, 73
1309, 9, 64
1310, 5, 27
1311, 8, 72
1312, 6, 37
1313, 6, 46
1314, 3, 11
1315, 7, 42
1316, 9, 89
1317, 6, 26
1318, 15, 271
1319, 3, 9
1320, 9, 119
1321, 7, 63
1322, 3, 7
1323, 8, 44
1324, 9, 54
1325, 5, 26
1326, 7, 75
1327, 8, 70
1328, 4, 12
1329, 3, 6
1330, 3, 4
1331, 13, 110
1332, 6, 39
1333, 5, 22
1334, 3, 9
1335, 7, 43
1336, 3, 10
1337, 5, 27
1338, 4, 12
1339, 7, 37
1340, 10, 111
1341, 3, 7
1342, 6, 31
1343, 6, 36
1344, 4, 16
1345, 6, 36
1346, 6, 47
1347, 6, 55
1348, 8, 57
1349, 6, 38
1350, 5, 35
1351, 7, 51
1352, 8, 36
1353, 5, 18
1354, 9, 96
1355, 10, 98
1356, 3, 12
1357, 5, 25
1358, 5, 14
1359, 6, 33
1360, 6, 37
1361, 4, 20
1362, 2, 3
1363, 8, 44
1364, 2, 1
1365, 4, 14
1366, 4, 19
1367, 4, 13
1368, 7, 48
1369, 6, 30
1370, 5, 19
1371, 8, 72
1372, 10, 104
1373, 4, 21
1374, 9, 72
1375, 9, 121
1376, 4, 10
1377, 6, 38
1378, 6, 23
1379, 12, 110
1380, 2, 4
1381, 6, 33
1382, 7, 56
1383, 8, 79
1384, 5, 13
1385, 12, 168
1386, 4, 15
1387, 5, 15
1388, 5, 21
1389, 2, 3
1390, 9, 54
1391, 6, 22
1392, 2, 3
1393, 6, 36
1394, 14, 180
1395, 4, 10
1396, 7, 60
1397, 7, 43
1398, 6, 29
1399, 3, 8
1400, 14, 225
1401, 7, 28
1402, 2, 4
1403, 7, 46
1404, 2, 3
1405, 5, 23
1406, 7, 58
1407, 5, 28
1408, 6, 40
1409, 4, 16
1410, 7, 41
1411, 5, 28
1412, 7, 29
1413, 6, 38
1414, 5, 27
1415, 5, 23
1416, 3, 11
1417, 6, 24
1418, 5, 23
1419, 4, 12
1420, 8, 77
1421, 5, 29
1422, 5, 22
1423, 8, 68
1424, 9, 104
1425, 6, 22
1426, 5, 31
1427, 3, 10
1428, 10, 99
1429, 4, 12
1430, 6, 32
1431, 8, 56
1432, 7, 60
1433, 2, 2
1434, 3, 9
1435, 5, 19
1436, 11, 96
1437, 6, 14
1438, 4, 5
1439, 4, 7
1440, 7, 57
1441, 12, 101
1442, 13, 180
1443, 5, 17
1444, 6, 42
1445, 2, 2
1446, 3, 10
1447, 11, 93
1448, 7, 58
1449, 6, 39
1450, 5, 20
1451, 7, 43
1452, 2, 3
1453, 2, 4
1454, 10, 144
1455, 4, 17
1456, 5, 18
1457, 4, 3
1458, 5, 14
1459, 7, 29
1460, 3, 9
1461, 3, 9
1462, 5, 27
1463, 6, 27
1464, 4, 14
1465, 6, 49
1466, 11, 91
1467, 7, 74
1468, 2, 3
1469, 7, 52
1470, 7, 49
1471, 3, 7
1472, 10, 99
1473, 9, 111
1474, 11, 142
1475, 9, 2
1476, 3, 10
1477, 5, 14
1478, 6, 27
1479, 6, 20
1480, 2, 3
1481, 7, 34
1482, 4, 9
1483, 7, 74
1484, 5, 23
1485, 2, 3
1486, 7, 2
1487, 4, 16
1488, 3, 4
1489, 3, 1
1490, 5, 24
1491, 7, 52
1492, 7, 42
1493, 4, 18
1494, 5, 39
1495, 7, 68
1496, 4, 12
1497, 7, 48
1498, 9, 60
1499, 4, 17
1500, 6, 36
1501, 7, 55
1502, 10, 109
1503, 6, 30
1504, 6, 31
1505, 6, 46
1506, 7, 32
1507, 4, 14
1508, 8, 72
1509, 4, 12
1510, 2, 4
1511, 10, 108
1512, 4, 14
1513, 5, 27
1514, 5, 22
1515, 10, 86
1516, 7, 57
1517, 5, 29
1518, 7, 69
1519, 6, 33
1520, 5, 21
1521, 6, 41
1522, 3, 9
1523, 7, 49
1524, 4, 11
1525, 8, 70
1526, 6, 26
1527, 4, 16
1528, 3, 9
1529, 9, 110
1530, 8, 50
1531, 8, 73
1532, 6, 37
1533, 6, 31
1534, 9, 68
1535, 4, 19
1536, 10, 116
1537, 5, 17
1538, 3, 4
1539, 3, 4
1540, 2, 4
1541, 4, 10
1542, 5, 26
1543, 6, 26
1544, 11, 2
1545, 6, 26
1546, 3, 2
1547, 6, 17
1548, 6, 41
1549, 7, 67
1550, 5, 35
1551, 2, 3
1552, 9, 60
1553, 4, 18
1554, 7, 57
1555, 5, 22
1556, 5, 20
1557, 10, 75
1558, 6, 24
1559, 4, 8
1560, 6, 20
1561, 13, 187
1562, 8, 80
1563, 2, 1
1564, 7, 2
1565, 6, 37
1566, 9, 64
1567, 7, 37
1568, 8, 55
1569, 2, 2
1570, 8, 62
1571, 7, 25
1572, 5, 24
1573, 6, 35
1574, 4, 14
1575, 7, 26
1576, 12, 179
1577, 11, 129
1578, 6, 18
1579, 3, 8
1580, 4, 14
1581, 6, 47
1582, 5, 26
1583, 11, 115
1584, 4, 16
1585, 8, 68
1586, 5, 22
1587, 7, 20
1588, 14, 225
1589, 4, 17
1590, 4, 8
1591, 6, 32
1592, 6, 29
1593, 8, 79
1594, 10, 92
1595, 7, 56
1596, 3, 8
1597, 6, 26
1598, 11, 88
1599, 3, 11
1600, 5, 21
1601, 3, 11
1602, 6, 46
1603, 9, 87
1604, 5, 16
1605, 2, 4
1606, 5, 21
1607, 5, 27
1608, 5, 33
1609, 12, 208
1610, 3, 9
1611, 5, 12
1612, 13, 114
1613, 6, 23
1614, 6, 27
1615, 7, 31
1616, 3, 8
1617, 5, 27
1618, 4, 14
1619, 10, 94
1620, 5, 21
1621, 9, 83
1622, 6, 42
1623, 9, 88
1624, 3, 6
1625, 8, 62
1626, 6, 26
1627, 4, 14
1628, 7, 21
1629, 2, 2
1630, 5, 22
1631, 6, 19
1632, 4, 10
1633, 9, 103
1634, 6, 38
1635, 3, 7
1636, 5, 25
1637, 8, 90
1638, 8, 102
1639, 6, 18
1640, 4, 17
1641, 3, 4
1642, 4, 14
1643, 3, 7
1644, 5, 16
1645, 4, 11
1646, 5, 22
1647, 6, 20
1648, 6, 38
1649, 6, 29
1650, 9, 99
1651, 3, 2
1652, 7, 33
1653, 4, 21
1654, 3, 6
1655, 5, 21
1656, 7, 51
1657, 9, 49
1658, 7, 49
1659, 12, 80
1660, 4, 13
1661, 5, 27
1662, 7, 55
1663, 3, 9
1664, 7, 30
1665, 7, 2
1666, 4, 13
1667, 5, 16
1668, 4, 14
1669, 12, 161
1670, 5, 17
1671, 7, 17
1672, 6, 28
1673, 4, 11
1674, 5, 24
1675, 2, 1
1676, 5, 32
1677, 3, 9
1678, 9, 63
1679, 10, 109
1680, 5, 31
1681, 6, 37
1682, 3, 7
1683, 4, 18
1684, 8, 57
1685, 4, 4
1686, 8, 43
1687, 4, 20
1688, 3, 8
1689, 7, 60
1690, 5, 28
1691, 3, 9
1692, 10, 108
1693, 5, 25
1694, 6, 26
1695, 9, 91
1696, 5, 30
1697, 10, 94
1698, 4, 11
1699, 4, 13
1700, 4, 16
1701, 10, 91
1702, 4, 20
1703, 7, 33
1704, 7, 52
1705, 8, 59
1706, 3, 7
1707, 6, 38
1708, 5, 21
1709, 5, 20
1710, 4, 11
1711, 5, 8
1712, 7, 68
1713, 8, 57
1714, 2, 2
1715, 6, 21
1716, 6, 42
1717, 6, 41
1718, 9, 62
1719, 14, 175
1720, 11, 147
1721, 7, 43
1722, 5, 38
1723, 4, 13
1724, 7, 21
1725, 2, 4
1726, 6, 37
1727, 7, 47
1728, 3, 9
1729, 8, 63
1730, 6, 31
1731, 6, 38
1732, 2, 3
1733, 5, 20
1734, 5, 26
1735, 6, 30
1736, 5, 15
1737, 7, 36
1738, 6, 26
1739, 6, 41
1740, 8, 38
1741, 6, 20
1742, 6, 36
1743, 4, 14
1744, 8, 24
1745, 6, 38
1746, 4, 3
1747, 8, 79
1748, 8, 43
1749, 9, 108
1750, 4, 10
1751, 7, 39
1752, 3, 8
1753, 4, 24
1754, 5, 42
1755, 6, 36
1756, 5, 29
1757, 7, 52
1758, 3, 9
1759, 8, 60
1760, 3, 8
1761, 6, 17
1762, 4, 10
1763, 8, 65
1764, 6, 27
1765, 10, 90
1766, 4, 14
1767, 12, 136
1768, 8, 79
1769, 2, 1
1770, 7, 32
1771, 9, 78
1772, 8, 103
1773, 3, 4
1774, 6, 41
1775, 4, 11
1776, 9, 101
1777, 5, 17
1778, 3, 9
1779, 5, 21
1780, 2, 3
1781, 5, 14
1782, 3, 9
1783, 5, 26
1784, 4, 15
1785, 8, 72
1786, 7, 36
1787, 8, 60
1788, 3, 9
1789, 7, 46
1790, 5, 15
1791, 7, 46
1792, 10, 57
1793, 4, 16
1794, 3, 2
1795, 6, 26
1796, 5, 20
1797, 5, 28
1798, 5, 19
1799, 9, 53
1800, 10, 144
1801, 9, 89
1802, 5, 33
1803, 10, 86
1804, 8, 53
1805, 2, 3
1806, 2, 2
1807, 9, 103
1808, 8, 80
1809, 6, 38
1810, 9, 81
1811, 7, 53
1812, 3, 9
1813, 7, 54
1814, 7, 30
1815, 2, 1
1816, 5, 30
1817, 7, 45
1818, 8, 91
1819, 2, 4
1820, 5, 30
1821, 9, 85
1822, 11, 120
1823, 11, 151
1824, 7, 51
1825, 11, 74
1826, 7, 67
1827, 9, 66
1828, 4, 9
1829, 5, 19
1830, 4, 12
1831, 9, 74
1832, 4, 20
1833, 7, 52
1834, 5, 29
1835, 8, 47
1836, 12, 152
1837, 8, 51
1838, 4, 15
1839, 6, 46
1840, 11, 137
1841, 5, 26
1842, 7, 43
1843, 7, 1
1844, 5, 13
1845, 5, 17
1846, 10, 97
1847, 5, 25
1848, 7, 58
1849, 5, 31
1850, 10, 98
1851, 3, 9
1852, 7, 52
1853, 5, 28
1854, 7, 45
1855, 6, 35
1856, 3, 10
1857, 12, 87
1858, 3, 9
1859, 6, 37
1860, 5, 20
1861, 2, 1
1862, 2, 4
1863, 7, 46
1864, 5, 25
1865, 7, 38
1866, 5, 19
1867, 10, 79
1868, 3, 10
1869, 12, 149
1870, 5, 12
1871, 7, 56
1872, 5, 18
1873, 5, 4
1874, 7, 50
1875, 6, 35
1876, 9, 91
1877, 2, 3
1878, 3, 6
1879, 6, 18
1880, 6, 27
1881, 6, 35
1882, 4, 12
1883, 5, 10
1884, 5, 18
1885, 6, 41
1886, 6, 35
1887, 2, 2
1888, 7, 65
1889, 8, 72
1890, 3, 2
1891, 7, 32
1892, 8, 43
1893, 5, 17
1894, 3, 1
1895, 2, 2
1896, 7, 58
1897, 8, 68
1898, 7, 63
1899, 3, 7
1900, 5, 24
1901, 10, 111
1902, 6, 41
1903, 4, 13
1904, 10, 104
1905, 4, 17
1906, 3, 4
1907, 6, 27
1908, 9, 82
1909, 4, 15
1910, 6, 41
1911, 5, 29
1912, 4, 4
1913, 7, 45
1914, 2, 3
1915, 10, 100
1916, 4, 13
1917, 5, 25
1918, 5, 16
1919, 9, 42
1920, 2, 2
1921, 7, 55
1922, 8, 56
1923, 6, 33
1924, 9, 65
1925, 7, 61
1926, 6, 36
1927, 4, 11
1928, 7, 55
1929, 3, 6
1930, 7, 46
1931, 9, 78
1932, 6, 37
1933, 4, 13
1934, 4, 6
1935, 8, 2
1936, 2, 2
1937, 3, 4
1938, 4, 19
1939, 4, 14
1940, 4, 17
1941, 8, 58
1942, 7, 51
1943, 9, 88
1944, 4, 15
1945, 5, 23
1946, 10, 46
1947, 4, 11
1948, 8, 32
1949, 7, 42
1950, 6, 42
1951, 4, 25
1952, 6, 29
1953, 6, 19
1954, 6, 37
1955, 5, 25
1956, 5, 30
1957, 4, 13
1958, 6, 32
1959, 6, 2
1960, 10, 82
1961, 7, 29
1962, 5, 25
1963, 2, 1
1964, 6, 39
1965, 4, 10
1966, 12, 160
1967, 6, 27
1968, 3, 2
1969, 10, 55
1970, 5, 19
1971, 12, 3
1972, 4, 20
1973, 7, 60
1974, 3, 9
1975, 4, 13
1976, 3, 6
1977, 5, 17
1978, 9, 96
1979, 8, 68
1980, 4, 13
1981, 5, 19
1982, 4, 20
1983, 7, 52
1984, 5, 6
1985, 3, 7
1986, 4, 21
1987, 5, 24
1988, 7, 31
1989, 10, 87
1990, 5, 20
1991, 4, 13
1992, 4, 15
1993, 6, 36
1994, 4, 14
1995, 7, 46
1996, 8, 55
1997, 5, 29
1998, 4, 20
1999, 9, 58
2000, 8, 68
2001, 2, 3
2002, 2, 3
2003, 7, 55
2004, 4, 15
2005, 8, 78
2006, 6, 30
2007, 10, 98
2008, 8, 27
2009, 8, 24
2010, 4, 11
2011, 6, 37
2012, 3, 9
2013, 6, 43
2014, 6, 41
2015, 7, 50
2016, 3, 3
2017, 3, 6
2018, 13, 163
2019, 8, 52
2020, 10, 87
2021, 2, 4
2022, 9, 101
2023, 8, 54
2024, 5, 16
2025, 3, 9
2026, 5, 19
2027, 6, 29
2028, 8, 63
2029, 5, 21
2030, 7, 42
2031, 4, 10
2032, 10, 107
2033, 9, 65
2034, 3, 4
2035, 5, 25
2036, 8, 72
2037, 5, 22
2038, 10, 54
2039, 8, 33
2040, 5, 27
2041, 7, 55
2042, 9, 73
2043, 10, 4
2044, 4, 13
2045, 12, 84
2046, 5, 19
2047, 5, 18
2048, 5, 14
2049, 2, 2
2050, 9, 88
2051, 10, 119
2052, 3, 9
2053, 4, 15
2054, 9, 96
2055, 8, 56
2056, 7, 45
2057, 6, 36
2058, 4, 13
2059, 6, 44
2060, 7, 44
2061, 7, 32
2062, 3, 10
2063, 8, 59
2064, 5, 33
2065, 3, 11
2066, 5, 30
2067, 5, 15
2068, 5, 35
2069, 5, 23
2070, 2, 2
2071, 5, 26
2072, 11, 93
2073, 2, 2
2074, 5, 23
2075, 5, 22
2076, 7, 61
2077, 8, 74
2078, 11, 122
2079, 3, 9
2080, 8, 53
2081, 5, 25
2082, 11, 88
2083, 3, 6
2084, 3, 7
2085, 8, 51
2086, 12, 169
2087, 9, 99
2088, 3, 10
2089, 5, 31
2090, 8, 47
2091, 5, 21
2092, 10, 91
2093, 9, 33
2094, 8, 73
2095, 5, 26
2096, 8, 104
2097, 8, 56
2098, 6, 49
2099, 6, 17
2100, 6, 37
2101, 7, 36
2102, 5, 29
2103, 3, 6
2104, 7, 63
2105, 2, 3
2106, 4, 11
2107, 7, 34
2108, 4, 18
2109, 3, 7
2110, 7, 61
2111, 6, 39
2112, 6, 28
2113, 7, 48
2114, 6, 45
2115, 4, 7
2116, 10, 120
2117, 9, 80
2118, 9, 105
2119, 8, 55
2120, 5, 2
2121, 9, 43
2122, 11, 88
2123, 3, 9
2124, 6, 35
2125, 5, 18
2126, 7, 19
2127, 8, 46
2128, 3, 7
2129, 4, 11
2130, 9, 57
2131, 3, 3
2132, 6, 43
2133, 8, 68
2134, 8, 36
2135, 7, 40
2136, 3, 10
2137, 6, 28
2138, 9, 83
2139, 5, 13
2140, 6, 36
2141, 9, 71
2142, 3, 7
2143, 6, 36
2144, 6, 42
2145, 6, 36
2146, 4, 9
2147, 3, 8
2148, 6, 39
2149, 6, 45
2150, 5, 17
2151, 4, 13
2152, 4, 18
2153, 6, 33
2154, 4, 14
2155, 3, 7
2156, 10, 90
2157, 6, 35
2158, 5, 25
2159, 5, 23
2160, 9, 101
2161, 3, 9
2162, 5, 19
2163, 2, 4
2164, 6, 35
2165, 8, 26
2166, 8, 58
2167, 4, 19
2168, 7, 58
2169, 8, 53
2170, 5, 19
2171, 7, 47
2172, 2, 2
2173, 3, 4
2174, 11, 98
2175, 8, 55
2176, 5, 8
2177, 7, 50
2178, 8, 83
2179, 8, 61
2180, 5, 25
2181, 7, 48
2182, 6, 38
2183, 6, 38
2184, 7, 52
2185, 8, 62
2186, 4, 10
2187, 6, 33
2188, 5, 29
2189, 5, 16
2190, 5, 33
2191, 7, 29
2192, 7, 50
2193, 6, 27
2194, 7, 40
2195, 8, 26
2196, 6, 45
2197, 4, 16
2198, 8, 63
2199, 2, 2
2200, 5, 18
2201, 3, 7
2202, 9, 63
2203, 7, 55
2204, 4, 5
2205, 7, 31
2206, 3, 9
2207, 5, 19
2208, 5, 20
2209, 9, 100
2210, 8, 79
2211, 7, 39
2212, 7, 15
2213, 5, 29
2214, 3, 10
2215, 3, 4
2216, 7, 29
2217, 6, 20
2218, 3, 10
2219, 4, 13
2220, 10, 116
2221, 7, 39
2222, 9, 69
2223, 4, 16
2224, 5, 29
2225, 9, 89
2226, 4, 15
2227, 3, 6
2228, 5, 30
2229, 8, 71
2230, 3, 10
2231, 4, 22
2232, 7, 22
2233, 5, 22
2234, 5, 23
2235, 11, 72
2236, 10, 95
2237, 9, 49
2238, 3, 4
2239, 9, 88
2240, 5, 17
2241, 3, 10
2242, 4, 13
2243, 3, 9
2244, 7, 50
2245, 5, 21
2246, 10, 91
2247, 3, 6
2248, 6, 6
2249, 5, 8
2250, 9, 75
2251, 5, 25
2252, 5, 18
2253, 7, 44
2254, 5, 24
2255, 5, 37
2256, 8, 50
2257, 9, 69
2258, 3, 9
2259, 10, 79
2260, 6, 31
2261, 5, 16
2262, 5, 25
2263, 4, 12
2264, 5, 14
2265, 9, 45
2266, 9, 51
2267, 3, 4
2268, 13, 141
2269, 7, 58
2270, 8, 51
2271, 5, 19
2272, 6, 49
2273, 8, 95
2274, 3, 9
2275, 6, 38
2276, 7, 43
2277, 4, 14
2278, 11, 107
2279, 5, 31
2280, 4, 13
2281, 13, 156
2282, 6, 37
2283, 5, 20
2284, 8, 59
2285, 8, 75
2286, 6, 38
2287, 8, 72
2288, 5, 35
2289, 3, 5
2290, 5, 28
2291, 4, 16
2292, 5, 23
2293, 6, 31
2294, 6, 32
2295, 5, 28
2296, 3, 4
2297, 9, 84
2298, 4, 14
2299, 5, 30
2300, 6, 32
2301, 4, 8
2302, 5, 20
2303, 4, 16
2304, 5, 20
2305, 4, 13
2306, 8, 110
2307, 5, 25
2308, 5, 21
2309, 5, 25
2310, 6, 20
2311, 4, 14
2312, 9, 93
2313, 2, 2
2314, 4, 9
2315, 3, 2
2316, 6, 22
2317, 6, 22
2318, 5, 26
2319, 8, 76
2320, 7, 56
2321, 3, 4
2322, 7, 48
2323, 13, 185
2324, 5, 24
2325, 7, 64
2326, 12, 141
2327, 6, 29
2328, 5, 20
2329, 10, 105
2330, 3, 9
2331, 3, 7
2332, 4, 11
2333, 7, 50
2334, 5, 29
2335, 4, 13
2336, 5, 27
2337, 5, 32
2338, 6, 27
2339, 7, 51
2340, 8, 56
2341, 6, 35
2342, 9, 71
2343, 6, 45
2344, 5, 16
2345, 8, 76
2346, 7, 61
2347, 8, 57
2348, 7, 44
2349, 4, 7
2350, 5, 24
2351, 5, 27
2352, 5, 28
2353, 6, 17
2354, 6, 30
2355, 7, 24
2356, 5, 20
2357, 8, 36
2358, 5, 24
2359, 10, 88
2360, 3, 6
2361, 3, 7
2362, 5, 10
2363, 11, 129
2364, 2, 1
2365, 3, 11
2366, 6, 35
2367, 7, 70
2368, 7, 42
2369, 11, 142
2370, 8, 63
2371, 9, 82
2372, 6, 34
2373, 6, 46
2374, 7, 66
2375, 2, 3
2376, 2, 3
2377, 5, 25
2378, 6, 32
2379, 8, 53
2380, 7, 56
2381, 8, 60
2382, 8, 81
2383, 2, 2
2384, 5, 20
2385, 8, 68
2386, 4, 1
2387, 7, 36
2388, 9, 59
2389, 7, 67
2390, 5, 25
2391, 7, 42
2392, 6, 35
2393, 9, 69
2394, 11, 86
2395, 5, 29
2396, 6, 14
2397, 4, 9
2398, 9, 32
2399, 6, 35
2400, 3, 8
2401, 3, 6
2402, 6, 47
2403, 3, 9
2404, 4, 7
2405, 6, 40
2406, 5, 15
2407, 2, 3
2408, 6, 38
2409, 9, 87
2410, 8, 72
2411, 4, 14
2412, 7, 49
2413, 6, 38
2414, 8, 76
2415, 3, 12
2416, 4, 13
2417, 3, 4
2418, 4, 17
2419, 3, 9
2420, 4, 14
2421, 3, 7
2422, 11, 138
2423, 5, 8
2424, 11, 117
2425, 6, 40
2426, 5, 23
2427, 6, 37
2428, 4, 11
2429, 9, 58
2430, 6, 23
2431, 10, 102
2432, 4, 19
2433, 8, 53
2434, 3, 7
2435, 3, 8
2436, 8, 53
2437, 2, 3
2438, 8, 42
2439, 4, 16
2440, 5, 28
2441, 11, 116
2442, 8, 55
2443, 6, 41
2444, 3, 9
2445, 2, 3
2446, 11, 126
2447, 11, 93
2448, 7, 52
2449, 8, 61
2450, 6, 40
2451, 8, 54
2452, 2, 2
2453, 2, 3
2454, 6, 28
2455, 9, 60
2456, 11, 83
2457, 9, 93
2458, 4, 9
2459, 7, 60
2460, 3, 9
2461, 12, 108
2462, 6, 40
2463, 8, 43
2464, 6, 31
2465, 7, 52
2466, 5, 26
2467, 5, 22
2468, 10, 81
2469, 7, 63
2470, 7, 55
2471, 8, 75
2472, 5, 22
2473, 8, 83
2474, 7, 51
2475, 5, 33
2476, 2, 1
2477, 5, 16
2478, 5, 24
2479, 8, 56
2480, 6, 34
2481, 4, 25
2482, 10, 95
2483, 2, 2
2484, 5, 29
2485, 8, 60
2486, 9, 97
2487, 5, 30
2488, 10, 140
2489, 8, 59
2490, 6, 30
2491, 7, 44
2492, 6, 35
2493, 9, 79
2494, 9, 121
2495, 4, 19
2496, 6, 33
2497, 4, 10
2498, 7, 45
2499, 9, 59
2500, 5, 21
2501, 6, 33
2502, 6, 39
2503, 6, 44
2504, 5, 20
2505, 4, 3
2506, 4, 11
2507, 8, 38
2508, 11, 63
2509, 7, 46
2510, 7, 2
2511, 6, 27
2512, 7, 62
2513, 8, 58
2514, 8, 64
2515, 8, 100
2516, 7, 58
2517, 9, 75
2518, 5, 16
2519, 6, 26
2520, 7, 42
2521, 6, 17
2522, 9, 111
2523, 7, 55
2524, 8, 30
2525, 9, 71
2526, 8, 49
2527, 8, 46
2528, 5, 21
2529, 11, 98
2530, 5, 28
2531, 2, 1
2532, 4, 25
2533, 6, 49
2534, 5, 13
2535, 6, 37
2536, 9, 70
2537, 5, 23
2538, 8, 64
2539, 7, 42
2540, 3, 9
2541, 7, 43
2542, 3, 10
2543, 4, 14
2544, 5, 36
2545, 12, 105
2546, 9, 84
2547, 7, 55
2548, 12, 210
2549, 10, 150
2550, 4, 17
2551, 10, 74
2552, 9, 60
2553, 6, 3
2554, 5, 25
2555, 6, 52
2556, 6, 39
2557, 6, 20
2558, 6, 26
2559, 6, 3
2560, 5, 12
2561, 2, 2
2562, 9, 48
2563, 3, 9
2564, 10, 102
2565, 3, 6
2566, 6, 54
2567, 4, 11
2568, 3, 9
2569, 7, 41
2570, 7, 49
2571, 3, 6
2572, 7, 42
2573, 5, 22
2574, 7, 53
2575, 6, 40
2576, 7, 27
2577, 5, 19
2578, 5, 30
2579, 3, 12
2580, 4, 13
2581, 8, 54
2582, 2, 2
2583, 10, 112
2584, 4, 13
2585, 3, 7
2586, 4, 13
2587, 8, 64
2588, 3, 8
2589, 9, 77
2590, 3, 9
2591, 4, 16
2592, 4, 16
2593, 5, 37
2594, 6, 17
2595, 4, 5
2596, 8, 25
2597, 5, 25
2598, 6, 21
2599, 6, 47
2600, 7, 39
2601, 9, 78
2602, 6, 40
2603, 2, 2
2604, 6, 50
2605, 5, 20
2606, 6, 29
2607, 4, 14
2608, 4, 17
2609, 9, 68
2610, 4, 15
2611, 6, 52
2612, 7, 44
2613, 6, 28
2614, 7, 49
2615, 6, 29
2616, 8, 48
2617, 3, 4
2618, 5, 16
2619, 4, 13
2620, 4, 14
2621, 8, 16
2622, 11, 168
2623, 4, 22
2624, 4, 13
2625, 5, 12
2626, 7, 54
2627, 8, 64
2628, 9, 95
2629, 4, 14
2630, 3, 8
2631, 7, 63
2632, 8, 57
2633, 5, 30
2634, 11, 137
2635, 3, 9
2636, 5, 32
2637, 5, 17
2638, 6, 30
2639, 7, 60
2640, 6, 20
2641, 8, 31
2642, 9, 65
2643, 4, 19
2644, 9, 110
2645, 6, 37
2646, 12, 205
2647, 7, 40
2648, 8, 100
2649, 4, 14
2650, 3, 6
2651, 5, 13
2652, 4, 11
2653, 13, 130
2654, 8, 51
2655, 10, 54
2656, 5, 29
2657, 8, 67
2658, 9, 56
2659, 8, 57
2660, 10, 98
2661, 4, 14
2662, 2, 4
2663, 5, 14
2664, 4, 12
2665, 4, 11
2666, 12, 149
2667, 7, 44
2668, 3, 6
2669, 8, 57
2670, 4, 11
2671, 6, 20
2672, 11, 94
2673, 6, 30
2674, 7, 51
2675, 5, 20
2676, 6, 19
2677, 7, 34
2678, 5, 13
2679, 3, 9
2680, 4, 14
2681, 12, 133
2682, 6, 41
2683, 7, 41
2684, 8, 51
2685, 10, 112
2686, 5, 28
2687, 6, 35
2688, 2, 2
2689, 7, 38
2690, 6, 34
2691, 7, 59
2692, 6, 31
2693, 6, 44
2694, 8, 35
2695, 8, 75
2696, 6, 20
2697, 4, 12
2698, 13, 206
2699, 6, 26
2700, 3, 9
2701, 8, 69
2702, 5, 29
2703, 7, 45
2704, 7, 47
2705, 3, 9
2706, 5, 23
2707, 6, 19
2708, 6, 34
2709, 9, 106
2710, 4, 16
2711, 3, 9
2712, 6, 51
2713, 3, 9
2714, 7, 43
2715, 2, 2
2716, 8, 55
2717, 3, 9
2718, 6, 38
2719, 4, 13
2720, 6, 52
2721, 3, 11
2722, 3, 10
2723, 10, 117
2724, 7, 41
2725, 8, 69
2726, 3, 9
2727, 12, 113
2728, 9, 92
2729, 10, 100
2730, 8, 66
2731, 3, 7
2732, 6, 43
2733, 3, 9
2734, 4, 16
2735, 7, 60
2736, 6, 40
2737, 3, 8
2738, 11, 128
2739, 12, 119
2740, 3, 7
2741, 4, 14
2742, 5, 32
2743, 9, 83
2744, 5, 27
2745, 3, 9
2746, 5, 22
2747, 3, 7
2748, 6, 38
2749, 4, 2
2750, 8, 55
2751, 7, 48
2752, 6, 38
2753, 9, 98
2754, 5, 9
2755, 3, 8
2756, 6, 33
2757, 6, 38
2758, 6, 30
2759, 9, 95
2760, 5, 19
2761, 6, 24
2762, 12, 125
2763, 3, 9
2764, 8, 49
2765, 5, 20
2766, 4, 10
2767, 3, 7
2768, 2, 3
2769, 10, 105
2770, 5, 24
2771, 5, 29
2772, 8, 49
2773, 5, 16
2774, 4, 19
2775, 6, 35
2776, 6, 31
2777, 7, 39
2778, 6, 1
2779, 6, 41
2780, 5, 36
2781, 4, 13
2782, 5, 29
2783, 6, 47
2784, 3, 6
2785, 5, 17
2786, 5, 19
2787, 6, 28
2788, 10, 124
2789, 6, 28
2790, 12, 209
2791, 7, 40
2792, 2, 3
2793, 6, 35
2794, 6, 44
2795, 3, 9
2796, 8, 60
2797, 7, 4
2798, 4, 21
2799, 8, 71
2800, 9, 105
2801, 7, 44
2802, 8, 62
2803, 9, 111
2804, 6, 43
2805, 8, 62
2806, 11, 78
2807, 5, 22
2808, 6, 36
2809, 11, 123
2810, 9, 90
2811, 2, 4
2812, 9, 69
2813, 8, 60
2814, 7, 51
2815, 7, 64
2816, 2, 3
2817, 5, 6
2818, 3, 10
2819, 8, 97
2820, 9, 82
2821, 10, 90
2822, 7, 53
2823, 4, 11
2824, 7, 60
2825, 4, 17
2826, 5, 22
2827, 7, 40
2828, 4, 15
2829, 2, 2
2830, 2, 1
2831, 6, 31
2832, 6, 24
2833, 3, 8
2834, 2, 4
2835, 6, 36
2836, 10, 73
2837, 7, 45
2838, 7, 45
2839, 4, 21
2840, 5, 28
2841, 3, 9
2842, 9, 129
2843, 4, 22
2844, 8, 77
2845, 6, 3
2846, 8, 77
2847, 6, 33
2848, 5, 21
2849, 9, 84
2850, 2, 2
2851, 7, 44
2852, 7, 46
2853, 6, 33
2854, 2, 2
2855, 10, 109
2856, 8, 60
2857, 7, 35
2858, 7, 48
2859, 8, 85
2860, 7, 51
2861, 6, 38
2862, 3, 4
2863, 4, 13
2864, 9, 46
2865, 9, 74
2866, 5, 24
2867, 13, 176
2868, 7, 43
2869, 8, 61
2870, 4, 13
2871, 5, 12
2872, 4, 10
2873, 9, 93
2874, 8, 72
2875, 9, 82
2876, 6, 37
2877, 5, 29
2878, 6, 30
2879, 6, 35
2880, 5, 27
2881, 6, 23
2882, 11, 97
2883, 5, 19
2884, 2, 3
2885, 4, 24
2886, 3, 4
2887, 9, 60
2888, 5, 23
2889, 6, 34
2890, 6, 31
2891, 5, 13
2892, 3, 7
2893, 2, 1
2894, 4, 11
2895, 5, 24
2896, 8, 51
2897, 4, 13
2898, 3, 7
2899, 9, 82
2900, 3, 9
2901, 6, 22
2902, 4, 14
2903, 5, 21
2904, 3, 4
2905, 4, 14
2906, 8, 53
2907, 3, 8
2908, 8, 79
2909, 5, 26
2910, 3, 9
2911, 7, 45
2912, 8, 81
2913, 6, 31
2914, 6, 39
2915, 3, 10
2916, 7, 55
2917, 6, 36
2918, 5, 19
2919, 4, 14
2920, 5, 22
2921, 6, 39
2922, 6, 32
2923, 6, 24
2924, 6, 22
2925, 3, 6
2926, 4, 15
2927, 7, 28
2928, 9, 85
2929, 5, 17
2930, 6, 39
2931, 7, 43
2932, 5, 14
2933, 5, 17
2934, 4, 11
2935, 8, 56
2936, 6, 33
2937, 5, 13
2938, 6, 30
2939, 8, 70
2940, 5, 26
2941, 8, 67
2942, 6, 33
2943, 4, 14
2944, 3, 9
2945, 4, 22
2946, 8, 70
2947, 4, 2
2948, 4, 3
2949, 5, 23
2950, 12, 43
2951, 5, 24
2952, 3, 6
2953, 9, 79
2954, 4, 10
2955, 13, 130
2956, 7, 35
2957, 2, 4
2958, 7, 3
2959, 7, 37
2960, 5, 10
2961, 11, 92
2962, 2, 2
2963, 11, 124
2964, 6, 5
2965, 6, 31
2966, 5, 20
2967, 4, 10
2968, 7, 36
2969, 6, 22
2970, 5, 13
2971, 4, 14
2972, 5, 32
2973, 8, 62
2974, 13, 139
2975, 14, 274
2976, 7, 57
2977, 7, 41
2978, 4, 10
2979, 6, 35
2980, 2, 2
2981, 7, 62
2982, 3, 10
2983, 9, 102
2984, 7, 41
2985, 5, 25
2986, 5, 24
2987, 8, 96
2988, 3, 5
2989, 2, 3
2990, 3, 3
2991, 6, 20
2992, 3, 12
2993, 9, 78
2994, 4, 16
2995, 4, 2
2996, 8, 72
2997, 3, 6
2998, 4, 18
2999, 3, 9
3000, 9, 62
3001, 3, 9
3002, 4, 12
3003, 8, 60
3004, 5, 26
3005, 4, 10
3006, 2, 4
3007, 9, 55
3008, 6, 46
3009, 6, 35
3010, 7, 59
3011, 5, 14
3012, 3, 9
3013, 9, 104
3014, 9, 81
3015, 7, 39
3016, 8, 83
3017, 5, 29
3018, 6, 24
3019, 8, 72
3020, 6, 8
3021, 4, 13
3022, 7, 32
3023, 2, 2
3024, 8, 54
3025, 3, 4
3026, 8, 62
3027, 4, 18
3028, 5, 33
3029, 7, 60
3030, 8, 41
3031, 9, 80
3032, 3, 9
3033, 2, 3
3034, 4, 13
3035, 5, 3
3036, 9, 88
3037, 6, 38
3038, 3, 9
3039, 6, 31
3040, 8, 85
3041, 3, 9
3042, 4, 10
3043, 3, 9
3044, 6, 32
3045, 10, 115
3046, 3, 6
3047, 8, 43
3048, 5, 3
3049, 6, 37
3050, 6, 33
3051, 12, 162
3052, 12, 152
3053, 10, 120
3054, 4, 18
3055, 3, 2
3056, 8, 62
3057, 3, 12
3058, 6, 10
3059, 2, 4
3060, 5, 21
3061, 3, 1
3062, 6, 36
3063, 8, 52
3064, 8, 65
3065, 7, 54
3066, 4, 11
3067, 8, 38
3068, 5, 23
3069, 6, 35
3070, 6, 26
3071, 8, 40
3072, 5, 29
3073, 8, 60
3074, 10, 135
3075, 8, 59
3076, 10, 123
3077, 3, 7
3078, 7, 48
3079, 6, 50
3080, 8, 74
3081, 4, 10
3082, 9, 59
3083, 8, 64
3084, 5, 15
3085, 6, 36
3086, 5, 23
3087, 8, 62
3088, 11, 156
3089, 7, 41
3090, 5, 21
3091, 4, 7
3092, 5, 19
3093, 4, 3
3094, 7, 33
